[{
  "id": 1,
  "dateTimeStart": "2047-05-17T08:00",
  "dateTimeEnd": "2047-05-17T09:00",
  "name": "Breakfast",
  "location": "Main hallway",
  "description": "Come grab breakfast with all the Ionic fanatics and talk all things Ionic",
  "speakerIds": [],
  "tracks": ["Food"]
}, {
  "id": 2,
  "dateTimeStart": "2047-05-17T09:00",
  "dateTimeEnd": "2047-05-17T09:30",
  "name": "Introduction to Appcamp.io",
  "location": "Room 2203",
  "description": "Mobile devices and browsers are now advanced enough that developers can build native-quality mobile apps using open web technologies like HTML5, Javascript, and CSS. In this talk, we’ll provide background on why and how we created Ionic, the design decisions made as we integrated Ionic with Angular, and the performance considerations for mobile platforms that our team had to overcome. We’ll also review new and upcoming Ionic features, and talk about the hidden powers and benefits of combining mobile app development and Angular.",
  "speakerIds": [5],
  "tracks": ["Ionic"]
}, {
  "id": 3,
  "dateTimeStart": "2047-05-17T09:30",
  "dateTimeEnd": "2047-05-17T09:45",
  "name": "Getting started with Ionic",
  "location": "Room 2202",
  "description": "Mobile devices and browsers are now advanced enough that developers can build native-quality mobile apps using open web technologies like HTML5, Javascript, and CSS. In this talk, we’ll provide background on why and how we created Ionic, the design decisions made as we integrated Ionic with Angular, and the performance considerations for mobile platforms that our team had to overcome. We’ll also review new and upcoming Ionic features, and talk about the hidden powers and benefits of combining mobile app development and Angular.",
  "speakerIds": [13],
  "tracks": ["Ionic"]
}, {
  "id": 4,
  "dateTimeStart": "2047-05-17T09:45",
  "dateTimeEnd": "2047-05-17T10:00",
  "name": "Tooling for Ionic",
  "location": "Room 2201",
  "description": "Mobile devices and browsers are now advanced enough that developers can build native-quality mobile apps using open web technologies like HTML5, Javascript, and CSS. In this talk, we’ll provide background on why and how we created Ionic, the design decisions made as we integrated Ionic with Angular, and the performance considerations for mobile platforms that our team had to overcome. We’ll also review new and upcoming Ionic features, and talk about the hidden powers and benefits of combining mobile app development and Angular.",
  "speakerIds": [12],
  "tracks": ["Tooling"]
}, {
  "id": 5,
  "dateTimeStart": "2047-05-17T10:00",
  "dateTimeEnd": "2047-05-17T10:15",
  "name": "Migrating to Ionic2",
  "location": "Room 2201",
  "description": "Mobile devices and browsers are now advanced enough that developers can build native-quality mobile apps using open web technologies like HTML5, Javascript, and CSS. In this talk, we’ll provide background on why and how we created Ionic, the design decisions made as we integrated Ionic with Angular, and the performance considerations for mobile platforms that our team had to overcome. We’ll also review new and upcoming Ionic features, and talk about the hidden powers and benefits of combining mobile app development and Angular.",
  "speakerIds": [4, 9],
  "tracks": ["Ionic"]
}, {
  "id": 6,
  "dateTimeStart": "2047-05-17T10:15",
  "dateTimeEnd": "2047-05-17T10:30",
  "name": "The evolution of Ionicons",
  "location": "Room 2202",
  "description": "Mobile devices and browsers are now advanced enough that developers can build native-quality mobile apps using open web technologies like HTML5, Javascript, and CSS. In this talk, we’ll provide background on why and how we created Ionic, the design decisions made as we integrated Ionic with Angular, and the performance considerations for mobile platforms that our team had to overcome. We’ll also review new and upcoming Ionic features, and talk about the hidden powers and benefits of combining mobile app development and Angular.",
  "speakerIds": [7, 4],
  "tracks": ["Design"]
}, {
  "id": 7,
  "dateTimeStart": "2047-05-17T10:30",
  "dateTimeEnd": "2047-05-17T11:00",
  "name": "Ionic.io Services",
  "location": "Room 2202",
  "description": "Mobile devices and browsers are now advanced enough that developers can build native-quality mobile apps using open web technologies like HTML5, Javascript, and CSS. In this talk, we’ll provide background on why and how we created Ionic, the design decisions made as we integrated Ionic with Angular, and the performance considerations for mobile platforms that our team had to overcome. We’ll also review new and upcoming Ionic features, and talk about the hidden powers and benefits of combining mobile app development and Angular.",
  "speakerIds": [2],
  "tracks": ["Services"]
}, {
  "id": 8,
  "dateTimeStart": "2047-05-17T11:00",
  "dateTimeEnd": "2047-05-17T11:45",
  "name": "Ionic Workshop",
  "location": "Room 2201",
  "description": "Mobile devices and browsers are now advanced enough that developers can build native-quality mobile apps using open web technologies like HTML5, Javascript, and CSS. In this talk, we’ll provide background on why and how we created Ionic, the design decisions made as we integrated Ionic with Angular, and the performance considerations for mobile platforms that our team had to overcome. We’ll also review new and upcoming Ionic features, and talk about the hidden powers and benefits of combining mobile app development and Angular.",
  "speakerIds": [8, 9],
  "tracks": ["Workshop"]
}, {
  "id": 9,
  "dateTimeStart": "2047-05-17T11:30",
  "dateTimeEnd": "2047-05-17T11:50",
  "name": "Community Interaction",
  "location": "Room 2203",
  "description": "Mobile devices and browsers are now advanced enough that developers can build native-quality mobile apps using open web technologies like HTML5, Javascript, and CSS. In this talk, we’ll provide background on why and how we created Ionic, the design decisions made as we integrated Ionic with Angular, and the performance considerations for mobile platforms that our team had to overcome. We’ll also review new and upcoming Ionic features, and talk about the hidden powers and benefits of combining mobile app development and Angular.",
  "speakerIds": [9, 6],
  "tracks": ["Communication"]
}, {
  "id": 10,
  "dateTimeStart": "2047-05-17T11:30",
  "dateTimeEnd": "2047-05-17T12:00",
  "name": "Navigation in Ionic",
  "location": "Room 2203",
  "description": "Mobile devices and browsers are now advanced enough that developers can build native-quality mobile apps using open web technologies like HTML5, Javascript, and CSS. In this talk, we’ll provide background on why and how we created Ionic, the design decisions made as we integrated Ionic with Angular, and the performance considerations for mobile platforms that our team had to overcome. We’ll also review new and upcoming Ionic features, and talk about the hidden powers and benefits of combining mobile app development and Angular.",
  "speakerIds": [12, 4],
  "tracks": ["Navigation"]
}, {
  "id": 11,
  "dateTimeStart": "2047-05-17T12:00",
  "dateTimeEnd": "2047-05-17T13:00",
  "name": "Lunch",
  "location": "Auditorium",
  "description": "Come grab lunch with all the Ionic fanatics and talk all things Ionic",
  "speakerIds": [],
  "tracks": ["Food"]
}, {
  "id": 12,
  "dateTimeStart": "2047-05-17T13:00",
  "dateTimeEnd": "2047-05-17T13:15",
  "name": "Ionic in the Enterprise",
  "location": "Room 2201",
  "description": "Mobile devices and browsers are now advanced enough that developers can build native-quality mobile apps using open web technologies like HTML5, Javascript, and CSS. In this talk, we’ll provide background on why and how we created Ionic, the design decisions made as we integrated Ionic with Angular, and the performance considerations for mobile platforms that our team had to overcome. We’ll also review new and upcoming Ionic features, and talk about the hidden powers and benefits of combining mobile app development and Angular.",
  "speakerIds": [11],
  "tracks": ["Communication"]
}, {
  "id": 13,
  "dateTimeStart": "2047-05-17T13:15",
  "dateTimeEnd": "2047-05-17T13:30",
  "name": "Ionic Worldwide",
  "location": "Room 2201",
  "description": "Mobile devices and browsers are now advanced enough that developers can build native-quality mobile apps using open web technologies like HTML5, Javascript, and CSS. In this talk, we’ll provide background on why and how we created Ionic, the design decisions made as we integrated Ionic with Angular, and the performance considerations for mobile platforms that our team had to overcome. We’ll also review new and upcoming Ionic features, and talk about the hidden powers and benefits of combining mobile app development and Angular.",
  "speakerIds": [6],
  "tracks": ["Communication"]
}, {
  "id": 14,
  "dateTimeStart": "2047-05-17T13:30",
  "dateTimeEnd": "2047-05-17T14:00",
  "name": "The Ionic package service",
  "location": "Room 2203",
  "description": "Mobile devices and browsers are now advanced enough that developers can build native-quality mobile apps using open web technologies like HTML5, Javascript, and CSS. In this talk, we’ll provide background on why and how we created Ionic, the design decisions made as we integrated Ionic with Angular, and the performance considerations for mobile platforms that our team had to overcome. We’ll also review new and upcoming Ionic features, and talk about the hidden powers and benefits of combining mobile app development and Angular.",
  "speakerIds": [10, 1],
  "tracks": ["Services"]
}, {
  "id": 15,
  "dateTimeStart": "2047-05-17T14:00",
  "dateTimeEnd": "2047-05-17T14:30",
  "name": "Push Notifications in Ionic",
  "location": "Room 2202",
  "description": "Mobile devices and browsers are now advanced enough that developers can build native-quality mobile apps using open web technologies like HTML5, Javascript, and CSS. In this talk, we’ll provide background on why and how we created Ionic, the design decisions made as we integrated Ionic with Angular, and the performance considerations for mobile platforms that our team had to overcome. We’ll also review new and upcoming Ionic features, and talk about the hidden powers and benefits of combining mobile app development and Angular.",
  "speakerIds": [1, 2],
  "tracks": ["Services"]
}, {
  "id": 16,
  "dateTimeStart": "2047-05-17T14:30",
  "dateTimeEnd": "2047-05-17T14:45",
  "name": "Ionic Documentation",
  "location": "Room 2202",
  "description": "Mobile devices and browsers are now advanced enough that developers can build native-quality mobile apps using open web technologies like HTML5, Javascript, and CSS. In this talk, we’ll provide background on why and how we created Ionic, the design decisions made as we integrated Ionic with Angular, and the performance considerations for mobile platforms that our team had to overcome. We’ll also review new and upcoming Ionic features, and talk about the hidden powers and benefits of combining mobile app development and Angular.",
  "speakerIds": [3],
  "tracks": ["Documentation"]
}, {
  "id": 17,
  "dateTimeStart": "2047-05-17T14:45",
  "dateTimeEnd": "2047-05-17T15:00",
  "name": "UX planning in Ionic",
  "location": "Room 2203",
  "description": "Mobile devices and browsers are now advanced enough that developers can build native-quality mobile apps using open web technologies like HTML5, Javascript, and CSS. In this talk, we’ll provide background on why and how we created Ionic, the design decisions made as we integrated Ionic with Angular, and the performance considerations for mobile platforms that our team had to overcome. We’ll also review new and upcoming Ionic features, and talk about the hidden powers and benefits of combining mobile app development and Angular.",
  "speakerIds": [7, 5],
  "tracks": ["Design"]
}, {
  "id": 18,
  "dateTimeStart": "2047-05-17T15:00",
  "dateTimeEnd": "2047-05-17T15:30",
  "name": "Directives in Ionic",
  "location": "Room 2201",
  "description": "Mobile devices and browsers are now advanced enough that developers can build native-quality mobile apps using open web technologies like HTML5, Javascript, and CSS. In this talk, we’ll provide background on why and how we created Ionic, the design decisions made as we integrated Ionic with Angular, and the performance considerations for mobile platforms that our team had to overcome. We’ll also review new and upcoming Ionic features, and talk about the hidden powers and benefits of combining mobile app development and Angular.",
  "speakerIds": [13],
  "tracks": ["Angular"]
}, {
  "id": 19,
  "dateTimeStart": "2047-05-17T15:30",
  "dateTimeEnd": "2047-05-17T15:45",
  "name": "Mobile States",
  "location": "Room 2202",
  "description": "Mobile devices and browsers are now advanced enough that developers can build native-quality mobile apps using open web technologies like HTML5, Javascript, and CSS. In this talk, we’ll provide background on why and how we created Ionic, the design decisions made as we integrated Ionic with Angular, and the performance considerations for mobile platforms that our team had to overcome. We’ll also review new and upcoming Ionic features, and talk about the hidden powers and benefits of combining mobile app development and Angular.",
  "speakerIds": [12],
  "tracks": ["Navigation"]
}]
